﻿<?xml version="1.0" encoding="UTF-8"?>
<addon id="plugin.video.hdfilme.cc"
		name="[COLOR lime]HD-Filme[/COLOR]"
		version="1.2.2"
		provider-name="Loki1979">
	<requires>
        <import addon="xbmc.python" version="2.7.13" />
		<import addon="script.module.hsk.de" version="1.1.0"/>
		<import addon="script.module.hls.cache" version="1.0.6"/>
	</requires>
	<extension point="xbmc.python.pluginsource" library="addon.py">
		<provides>video</provides>
	</extension>
	<extension point="xbmc.addon.metadata">
	<summary>150320201230</summary>
	<description>Umsetzung der Website:
https://hdfilme.cc</description>
	<disclaimer></disclaimer>
	<language>de</language>
	<platform>all</platform>
	<license></license>
	<forum></forum>
	<website></website>
	<email></email>
	<source></source>
	<news></news>
	<assets>
		<icon>resources/icon.png</icon>
		<fanart>resources/fanart.jpg</fanart>
		<banner></banner>
		<clearlogo></clearlogo>
		<screenshot></screenshot>
	</assets>
	</extension>
</addon>
