<?xml version="1.0" encoding="UTF-8" standalone="yes"?>
<addon id="plugin.program.XOneWizard" name="[COLOR lime]XOne Wizard[/COLOR]" version="1.1.8" provider-name="JP Hightek">
  <requires>
    <import addon="xbmc.python" version="2.1.0"/>
  </requires>
  <extension point="xbmc.python.pluginsource" library="default.py">
    <provides>executable</provides>
  </extension>
  <extension point="xbmc.service" library="startup.py" start="startup" />
  <extension point="xbmc.addon.metadata">
    <summary lang="en">[COLOR lime]XOne Wizard[/COLOR]</summary>
    <description lang="en">Welcome and Thank you for Downloading our wizard.
[CR]The XOne Wizard allows you have free access to all the custom builds for your Kodi on your streaming Box.
[CR]Run maintenance, Clear cache, Clear packages, keep your Trakt and Real Debrid data and man ymore.</description>
    <platform>all</platform>
  </extension>
</addon>