<?xml version="1.0" encoding="UTF-8" standalone="yes"?>
<addon id="repository.hsk.forever.18" name="[COLOR magenta]HSK FOREVER Kodi 18[/COLOR]" version="1.0.24" provider-name="[COLOR magenta]SH Germania | KODIMAN | HSK-DE[/COLOR]">
    <extension point="xbmc.addon.repository" name="HSK FOREVER REPOSITORY">
		<dir>
            <info compressed="false">https://downloads.guidos-skinbase.de/hsk.forever.18/addons.xml</info>
		    <checksum>https://downloads.guidos-skinbase.de/hsk.forever.18/addons.xml.md5</checksum>
		    <datadir zip="true">https://downloads.guidos-skinbase.de/hsk.forever.18/</datadir>
        </dir>
    </extension>
    <extension point="xbmc.addon.metadata">
        <summary>[COLOR magenta]HSK FOREVER REPOSITORY Kodi 18[/COLOR]</summary>
        <description>[COLOR magenta]

Ein besonderer Dank geht an Guido Sasse,
Loki 1979 und an Kodiman die mir stehts zur Seite standen.

In diesem Sinne  HSK-FOREVER

Kodimans Forum:
http://www.kodiman.net[/COLOR]</description>
        <platform>all</platform>
		<assets>
			<icon>resources/icon.png</icon>
			<fanart>resources/fanart.jpg</fanart>
			<screenshot>resources/screenshot001.jpg</screenshot>
			<screenshot>resources/screenshot002.jpg</screenshot>
			<screenshot>resources/screenshot003.jpg</screenshot>
		</assets>
    </extension>
	
</addon>