<?xml version="1.0" encoding="UTF-8" standalone="yes"?>
<addon id="plugin.program.XBOX.Build.Wizard" name="[COLOR lime]XBOX Wizard[/COLOR]" version="1.9.5" provider-name="[COLOR gold]demex2008[/COLOR]">
  <requires>
    <import addon="xbmc.python" version="2.1.0"/>
  </requires>
  <extension point="xbmc.python.pluginsource" library="default.py">
    <provides>executable</provides>
  </extension>
  <extension point="xbmc.service" library="startup.py" start="startup" />
  <extension point="xbmc.addon.metadata">
    <summary lang="en">[COLOR lime]XBOX[/COLOR] [COLOR lime]Build[/COLOR] [COLOR gold]Wizard[/COLOR]</summary>
	<description lang="en">[COLOR lime]XBOX[/COLOR] [COLOR lime]Build[/COLOR] [COLOR gold]Wizard[/COLOR]</description>
		<disclaimer lang="en"></disclaimer>
		<platform>all</platform>
		<website></website>
	</extension>
</addon>