﻿<?xml version="1.0" encoding="UTF-8" standalone="yes"?>
<addon id="plugin.video.filmpalast_to" name="[COLOR lime]FilmPalast[/COLOR]" version="1.1.8" provider-name="Lary_Loose | HSK-FIX">
    <requires>
        <import addon="xbmc.python" version="2.7.13" />
        <!-- choose your resolver -->

		<!-- <import addon="script.module.resolveurl"/> -->
		<import addon="script.module.urlresolver"/>

        <!-- choose your resolver -->
    </requires>
    <extension point="xbmc.python.pluginsource" library="default.py">
        <provides>video</provides>
    </extension>
    <extension point="xbmc.addon.metadata">
        <platform>all</platform>
        <summary lang="de">FilmPalast.to FiLME &amp; SERiEN sofort &amp; kostenlos online ansehen!</summary>
        <summary lang="en">FilmPalast.to MOViS &amp; SERiES, watch online instantly &amp; free!</summary>
        <description lang="de"></description>
        <description lang="en"></description>
	<assets>
		<icon>resources/icon.png</icon>
		<fanart>resources/fanart.jpg</fanart>
		<banner></banner>
		<clearlogo></clearlogo>
		<screenshot></screenshot>
	</assets>	
 </extension>
</addon>