<?xml version="1.0" encoding="UTF-8" standalone="yes"?>
<addon id="script.module.uritemplate"
       name="uritemplate"
       version="0.6.0" 
       provider-name="Joe Gregorio">
  <requires>
    <import addon="xbmc.python" version="2.14.0"/>
  </requires>
  <extension point="xbmc.python.module"
             library="lib" />
  <extension point="xbmc.addon.metadata">
    <platform>all</platform>
    <language></language>
    <summary lang="en">URItemplates python module</summary>
    <description lang="en">A packaged version of the uritemplates python module.</description>
    <disclaimer lang="en">All source code taken from original repository at source address</disclaimer>
    <license>Apache 2.0</license>
    <website>https://github.com/uri-templates/uritemplate-py</website>
    <source>https://github.com/uri-templates/uritemplate-py</source>
  </extension>
</addon>
