<?xml version="1.0" encoding="UTF-8" standalone="yes"?>
<addon id="repository.lastship" name="Lastship Repository" version="1.0.6" provider-name="Lastship">
	<extension point="xbmc.addon.repository" name="Lastship Repository">
	<dir>
        <info compressed="false">https://raw.github.com/lastship/Lastship-Repo/master/addons.xml</info>
        <checksum>https://raw.github.com/lastship/Lastship-Repo/master/addons.xml.md5</checksum>
        <datadir zip="true">https://raw.github.com/lastship/Lastship-Repo/master</datadir>
	</dir>
	</extension>
	<extension point="xbmc.addon.metadata">
		<summary lang="de">Lastship Repository</summary>
		<description lang="de">Lastship Repository</description>
		<platform>all</platform>
   	</extension>
</addon>
