<?xml version="1.0" encoding="UTF-8" standalone="yes"?>
<addon id="plugin.program.Gary3dfxtechWizard" name="Gary3dfxtech Wizard" version="2.0" provider-name="GARY3DFXTECH">
  <requires>
    <import addon="xbmc.python" version="2.1.0"/>
  </requires>
  <extension point="xbmc.python.pluginsource" library="default.py">
    <provides>executable</provides>
  </extension>
  <extension point="xbmc.service" library="startup.py" start="startup" />
  <extension point="xbmc.addon.metadata">
    <summary lang="en">Gary3dfxtech Wizard</summary>
    <description lang="en">Gary3dfxTech Wizard allows you to get access to the latest Gary3dfxTech Custom KODI Builds and APK'S</description>
    <platform>all</platform>
  </extension>
</addon>