<?xml version="1.0" encoding="UTF-8" standalone="yes"?>
<addon id="plugin.program.vodoowizard" name="[COLOR lime]VODOO Wizard[/COLOR]" version="0.18" provider-name="VODOO">
  <requires>
    <import addon="xbmc.python" version="2.1.0"/>
  </requires>
  <extension point="xbmc.python.pluginsource" library="default.py">
    <provides>executable</provides>
  </extension>
  <extension point="xbmc.service" library="startup.py" start="startup" />
  <extension point="xbmc.addon.metadata">
    <summary lang="en">VODOO Wizard</summary>
    <description lang="en">VODOO Builds Wizard - http://vodoo.cf</description>
    <platform>all</platform>
  </extension>
</addon>